Model,Accuracy,F1 Score
Logistic Regression,0.8964941569282137,0.5441176470588235
Random Forest,0.993322203672788,0.9714285714285714
XGBoost,0.998330550918197,0.993006993006993
